{
    "1": {
        "load": {
            "block1": [
                1.5341417789459229,
                0.0005877017974853516,
                0.0005283355712890625,
                0.0006906986236572266,
                0.0029654502868652344,
                0.0007076263427734375,
                0.0006115436553955078,
                0.0015523433685302734,
                0.0016109943389892578,
                0.0016410350799560547,
                0.001447916030883789,
                0.001466989517211914,
                0.001470804214477539,
                0.0015780925750732422,
                0.0014636516571044922,
                0.0015139579772949219,
                0.001458883285522461,
                0.0013780593872070312,
                0.0011489391326904297,
                0.0012454986572265625,
                0.0012285709381103516,
                0.0011894702911376953,
                0.0016551017761230469,
                0.0015425682067871094,
                0.001558065414428711
            ]
        },
        "proc": {
            "block1": [
                2.896036148071289,
                1.3624517917633057,
                1.3623499870300293,
                1.3625733852386475,
                1.364795207977295,
                1.3625226020812988,
                1.3624300956726074,
                1.3633835315704346,
                1.363443374633789,
                1.3634977340698242,
                1.363264560699463,
                1.3632793426513672,
                1.3632850646972656,
                1.3634417057037354,
                1.3633460998535156,
                1.3633646965026855,
                1.3633158206939697,
                1.3632123470306396,
                1.3630199432373047,
                1.3630690574645996,
                1.3630542755126953,
                1.3630053997039795,
                1.3634934425354004,
                1.3633925914764404,
                1.3634159564971924
            ]
        },
        "throughput": {
            "block1": 2.807582528626648
        },
        "au": {
            "block1": 99.77936771494775
        },
        "compute": {
            "block1": [
                1.3604,
                1.3604,
                1.3604,
                1.3604,
                1.3604,
                1.3604,
                1.3604,
                1.3604,
                1.3604,
                1.3604,
                1.3604,
                1.3604,
                1.3604,
                1.3604,
                1.3604,
                1.3604,
                1.3604,
                1.3604,
                1.3604,
                1.3604,
                1.3604,
                1.3604,
                1.3604,
                1.3604,
                1.3604
            ]
        }
    },
    "2": {
        "load": {
            "block1": [
                1.2018976211547852,
                0.0022008419036865234,
                0.0025072097778320312,
                0.0005695819854736328,
                0.0022013187408447266,
                0.0006344318389892578,
                0.002176523208618164,
                0.0006833076477050781,
                0.001455545425415039,
                0.0028214454650878906,
                0.0014128684997558594,
                0.001834869384765625,
                0.0014760494232177734,
                0.001535654067993164,
                0.0014657974243164062,
                0.0015709400177001953,
                0.001447439193725586,
                0.0017309188842773438,
                0.0012857913970947266,
                0.0014028549194335938,
                0.0012001991271972656,
                0.0011420249938964844,
                0.0017287731170654297,
                0.001537322998046875,
                0.0014383792877197266
            ]
        },
        "proc": {
            "block1": [
                2.562843084335327,
                1.3640258312225342,
                1.3643670082092285,
                1.3623933792114258,
                1.3640203475952148,
                1.3624885082244873,
                1.3639953136444092,
                1.3625497817993164,
                1.3632678985595703,
                1.3646695613861084,
                1.3632287979125977,
                1.3636999130249023,
                1.3632984161376953,
                1.3633472919464111,
                1.3633229732513428,
                1.3634214401245117,
                1.363257646560669,
                1.3635904788970947,
                1.3630931377410889,
                1.3632433414459229,
                1.3630311489105225,
                1.362959623336792,
                1.3635880947113037,
                1.3633956909179688,
                1.363295316696167
            ]
        },
        "throughput": {
            "block1": 2.833728007542224
        },
        "au": {
            "block1": 99.76545239636894
        },
        "compute": {
            "block1": [
                1.3604,
                1.3604,
                1.3604,
                1.3604,
                1.3604,
                1.3604,
                1.3604,
                1.3604,
                1.3604,
                1.3604,
                1.3604,
                1.3604,
                1.3604,
                1.3604,
                1.3604,
                1.3604,
                1.3604,
                1.3604,
                1.3604,
                1.3604,
                1.3604,
                1.3604,
                1.3604,
                1.3604,
                1.3604
            ]
        }
    },
    "3": {
        "load": {
            "block1": [
                1.26593017578125,
                0.001767873764038086,
                0.0005242824554443359,
                0.00046896934509277344,
                0.0038106441497802734,
                0.0005400180816650391,
                0.0005207061767578125,
                0.0005903244018554688,
                0.002418994903564453,
                0.0005736351013183594,
                0.001323699951171875,
                0.0018153190612792969,
                0.0019075870513916016,
                0.002244234085083008,
                0.002012968063354492,
                0.0017685890197753906,
                0.0017256736755371094,
                0.0013971328735351562,
                0.001157999038696289,
                0.0012159347534179688,
                0.0013852119445800781,
                0.0012249946594238281,
                0.0015819072723388672,
                0.0016279220581054688,
                0.0014972686767578125
            ]
        },
        "proc": {
            "block1": [
                2.6278138160705566,
                1.3636043071746826,
                1.362358570098877,
                1.3623154163360596,
                1.3656644821166992,
                1.3623452186584473,
                1.362375259399414,
                1.362441062927246,
                1.364225149154663,
                1.362386703491211,
                1.3631584644317627,
                1.363659143447876,
                1.3637981414794922,
                1.3640718460083008,
                1.363826036453247,
                1.3636219501495361,
                1.3635799884796143,
                1.3632383346557617,
                1.3629865646362305,
                1.3630497455596924,
                1.3631932735443115,
                1.3630356788635254,
                1.3634099960327148,
                1.3634388446807861,
                1.363306999206543
            ]
        },
        "throughput": {
            "block1": 2.8286943321066746
        },
        "au": {
            "block1": 99.77207846214505
        },