{
    "1": {
        "load": {
            "block1": [
                1.4918882846832275,
                0.0006475448608398438,
                0.0005667209625244141,
                0.0007627010345458984,
                0.003280162811279297,
                0.0006434917449951172,
                0.0006861686706542969,
                0.0014314651489257812,
                0.0015177726745605469,
                0.001516103744506836,
                0.0015659332275390625,
                0.0016324520111083984,
                0.001589059829711914,
                0.0015320777893066406,
                0.0016283988952636719,
                0.0015344619750976562,
                0.0015301704406738281,
                0.0014870166778564453,
                0.0014810562133789062,
                0.0014688968658447266,
                0.0015735626220703125,
                0.00145721435546875,
                0.001291036605834961,
                0.001157522201538086,
                0.0011103153228759766
            ]
        },
        "proc": {
            "block1": [
                2.853785276412964,
                1.3624773025512695,
                1.3623998165130615,
                1.3625993728637695,
                1.3651037216186523,
                1.3624706268310547,
                1.3625311851501465,
                1.3632454872131348,
                1.3633337020874023,
                1.3633394241333008,
                1.3633999824523926,
                1.363457202911377,
                1.3634037971496582,
                1.3633549213409424,
                1.3634459972381592,
                1.3633549213409424,
                1.3633534908294678,
                1.363302230834961,
                1.3632993698120117,
                1.3632845878601074,
                1.363419771194458,
                1.3632967472076416,
                1.3631534576416016,
                1.3629872798919678,
                1.3629570007324219
            ]
        },
        "throughput": {
            "block1": 2.8108638891040294
        },
        "au": {
            "block1": 99.77732120802952
        },
        "compute": {
            "block1": [
                1.3604,
                1.3604,
                1.3604,
                1.3604,
                1.3604,
                1.3604,
                1.3604,
                1.3604,
                1.3604,
                1.3604,
                1.3604,
                1.3604,
                1.3604,
                1.3604,
                1.3604,
                1.3604,
                1.3604,
                1.3604,
                1.3604,
                1.3604,
                1.3604,
                1.3604,
                1.3604,
                1.3604,
                1.3604
            ]
        }
    },
    "2": {
        "load": {
            "block1": [
                1.2197420597076416,
                0.002005338668823242,
                0.002819061279296875,
                0.0007150173187255859,
                0.003075838088989258,
                0.0009768009185791016,
                0.002751588821411133,
                0.0007436275482177734,
                0.0017235279083251953,
                0.0029993057250976562,
                0.001589059829711914,
                0.0016202926635742188,
                0.00162506103515625,
                0.0015592575073242188,
                0.0015957355499267578,
                0.0017511844635009766,
                0.0017886161804199219,
                0.0016598701477050781,
                0.0015840530395507812,
                0.0015914440155029297,
                0.0015530586242675781,
                0.0014276504516601562,
                0.0011372566223144531,
                0.001226186752319336,
                0.0010967254638671875
            ]
        },
        "proc": {
            "block1": [
                2.58170223236084,
                1.363856315612793,
                1.3646385669708252,
                1.3625526428222656,
                1.3649351596832275,
                1.3628151416778564,
                1.3645999431610107,
                1.3625712394714355,
                1.363537073135376,
                1.364811897277832,
                1.3634037971496582,
                1.3634357452392578,
                1.3634376525878906,
                1.3633666038513184,
                1.363420009613037,
                1.3635799884796143,
                1.3636138439178467,
                1.363469123840332,
                1.3634045124053955,
                1.3634161949157715,
                1.3634095191955566,
                1.3632304668426514,
                1.36297607421875,
                1.3630518913269043,
                1.3629157543182373
            ]
        },
        "throughput": {
            "block1": 2.8319094004833327
        },
        "au": {
            "block1": 99.75386035204525
        },
        "compute": {
            "block1": [
                1.3604,
                1.3604,
                1.3604,
                1.3604,
                1.3604,
                1.3604,
                1.3604,
                1.3604,
                1.3604,
                1.3604,
                1.3604,
                1.3604,
                1.3604,
                1.3604,
                1.3604,
                1.3604,
                1.3604,
                1.3604,
                1.3604,
                1.3604,
                1.3604,
                1.3604,
                1.3604,
                1.3604,
                1.3604
            ]
        }
    },
    "3": {
        "load": {
            "block1": [
                1.102536678314209,
                0.0018455982208251953,
                0.0005283355712890625,
                0.0006213188171386719,
                0.004912376403808594,
                0.0023572444915771484,
                0.000667572021484375,
                0.0006475448608398438,
                0.0014202594757080078,
                0.0022530555725097656,
                0.0016493797302246094,
                0.0018343925476074219,
                0.0014874935150146484,
                0.0022253990173339844,
                0.0016598701477050781,
                0.0017299652099609375,
                0.0015854835510253906,
                0.0024607181549072266,
                0.0015637874603271484,
                0.0016961097717285156,
                0.0016944408416748047,
                0.0015025138854980469,
                0.0011644363403320312,
                0.0013873577117919922,
                0.0012989044189453125
            ]
        },
        "proc": {
            "block1": [
                2.464463710784912,
                1.3636963367462158,
                1.362333059310913,
                1.3624615669250488,
                1.3667793273925781,
                1.3641910552978516,
                1.362480640411377,
                1.3625032901763916,
                1.3632521629333496,
                1.3640875816345215,
                1.363464117050171,
                1.3636553287506104,
                1.3633332252502441,
                1.3640539646148682,
                1.3634769916534424,
                1.3635518550872803,
                1.3634231090545654,
                1.3642947673797607,
                1.363374948501587,
                1.3635144233703613,
                1.3635425567626953,
                1.3633027076721191,
                1.362992525100708,
                1.3632245063781738,
                1.363135576248169
            ]
        },
        "throughput": {
            "block1": 2.8413069945516773
        },
        "au": {
            "block1": 99.7525044528925
        },