{
    "1": {
        "load": {
            "block1": [
                1.5264074802398682,
                0.0006561279296875,
                0.0005490779876708984,
                0.0006299018859863281,
                0.004018306732177734,
                0.0006604194641113281,
                0.0006299018859863281,
                0.0006248950958251953,
                0.001499176025390625,
                0.0016765594482421875,
                0.0015735626220703125,
                0.0015513896942138672,
                0.001505136489868164,
                0.0016102790832519531,
                0.0016460418701171875,
                0.0015938282012939453,
                0.0014584064483642578,
                0.0014638900756835938,
                0.0015301704406738281,
                0.0015690326690673828,
                0.0014202594757080078,
                0.0016336441040039062,
                0.0012631416320800781,
                0.001373291015625,
                0.001188516616821289
            ]
        },
        "proc": {
            "block1": [
                2.8883495330810547,
                1.3624823093414307,
                1.3623623847961426,
                1.3624627590179443,
                1.3658638000488281,
                1.362483263015747,
                1.3624591827392578,
                1.3624517917633057,
                1.363327980041504,
                1.3635103702545166,
                1.3633947372436523,
                1.3633689880371094,
                1.3633415699005127,
                1.363431453704834,
                1.3634703159332275,
                1.3634560108184814,
                1.3632748126983643,
                1.3632886409759521,
                1.363354206085205,
                1.363433599472046,
                1.3632404804229736,
                1.3634541034698486,
                1.3630621433258057,
                1.3631863594055176,
                1.3630304336547852
            ]
        },
        "throughput": {
            "block1": 2.8081120759088147
        },
        "au": {
            "block1": 99.77641030317527
        },
        "compute": {
            "block1": [
                1.3604,
                1.3604,
                1.3604,
                1.3604,
                1.3604,
                1.3604,
                1.3604,
                1.3604,
                1.3604,
                1.3604,
                1.3604,
                1.3604,
                1.3604,
                1.3604,
                1.3604,
                1.3604,
                1.3604,
                1.3604,
                1.3604,
                1.3604,
                1.3604,
                1.3604,
                1.3604,
                1.3604,
                1.3604
            ]
        }
    },
    "2": {
        "load": {
            "block1": [
                1.2092289924621582,
                0.0006289482116699219,
                0.0030922889709472656,
                0.0007617473602294922,
                0.0031299591064453125,
                0.0008552074432373047,
                0.002016305923461914,
                0.0017628669738769531,
                0.0018873214721679688,
                0.0034770965576171875,
                0.0019061565399169922,
                0.0017626285552978516,
                0.0016279220581054688,
                0.0017809867858886719,
                0.0017559528350830078,
                0.0019261837005615234,
                0.0015213489532470703,
                0.0019130706787109375,
                0.0020225048065185547,
                0.0019352436065673828,
                0.0018274784088134766,
                0.0015463829040527344,
                0.0015501976013183594,
                0.0012319087982177734,
                0.0011696815490722656
            ]
        },
        "proc": {
            "block1": [
                2.5711262226104736,
                1.3625144958496094,
                1.3649566173553467,
                1.3619906902313232,
                1.3653202056884766,
                1.3627142906188965,
                1.3638279438018799,
                1.3636527061462402,
                1.363741397857666,
                1.3652875423431396,
                1.3637406826019287,
                1.363584280014038,
                1.3634490966796875,
                1.3635969161987305,
                1.3635931015014648,
                1.3637361526489258,
                1.3633334636688232,
                1.3637354373931885,
                1.3638713359832764,
                1.3638126850128174,
                1.3624904155731201,
                1.36336088180542,
                1.3634004592895508,
                1.3630709648132324,
                1.362971305847168
            ]
        },
        "throughput": {
            "block1": 2.832619445433437
        },
        "au": {
            "block1": 99.74860481336528
        },
        "compute": {
            "block1": [
                1.3604,
                1.3604,
                1.3604,
                1.3604,
                1.3604,
                1.3604,
                1.3604,
                1.3604,
                1.3604,
                1.3604,
                1.3604,
                1.3604,
                1.3604,
                1.3604,
                1.3604,
                1.3604,
                1.3604,
                1.3604,
                1.3604,
                1.3604,
                1.3604,
                1.3604,
                1.3604,
                1.3604,
                1.3604
            ]
        }
    },
    "3": {
        "load": {
            "block1": [
                1.1543140411376953,
                0.0016987323760986328,
                0.0005214214324951172,
                0.0004661083221435547,
                0.0031027793884277344,
                0.001833200454711914,
                0.0008299350738525391,
                0.0005054473876953125,
                0.002312183380126953,
                0.0005476474761962891,
                0.002012491226196289,
                0.0021054744720458984,
                0.0018222332000732422,
                0.0020639896392822266,
                0.0018990039825439453,
                0.0018525123596191406,
                0.0017769336700439453,
                0.0017428398132324219,
                0.0017614364624023438,
                0.00164794921875,
                0.0018415451049804688,
                0.0015535354614257812,
                0.0014605522155761719,
                0.0019085407257080078,
                0.0019063949584960938
            ]
        },
        "proc": {
            "block1": [
                2.5161972045898438,
                1.3635456562042236,
                1.3623840808868408,
                1.3622794151306152,
                1.3649346828460693,
                1.3636624813079834,
                1.3626508712768555,
                1.362335205078125,
                1.3641705513000488,
                1.3623888492584229,
                1.3638575077056885,
                1.3639371395111084,
                1.363663911819458,
                1.3634631633758545,
                1.3637759685516357,
                1.3636798858642578,
                1.3635931015014648,
                1.3637821674346924,
                1.3635766506195068,
                1.3634917736053467,
                1.3636577129364014,
                1.3633887767791748,
                1.3632917404174805,
                1.3638050556182861,
                1.363776445388794
            ]
        },
        "throughput": {
            "block1": 2.837267805504277
        },
        "au": {
            "block1": 99.75746972306348
        },