{
    "1": {
        "load": {
            "block1": [
                1.4603164196014404,
                0.0006330013275146484,
                0.0005426406860351562,
                0.000553131103515625,
                0.0029325485229492188,
                0.0007188320159912109,
                0.0008039474487304688,
                0.00164031982421875,
                0.0017380714416503906,
                0.0016503334045410156,
                0.0016789436340332031,
                0.0015358924865722656,
                0.0016889572143554688,
                0.0016927719116210938,
                0.0016744136810302734,
                0.0015285015106201172,
                0.001638174057006836,
                0.001506805419921875,
                0.0015599727630615234,
                0.0013356208801269531,
                0.0015518665313720703,
                0.0021467208862304688,
                0.0019371509552001953,
                0.0014138221740722656,
                0.0012943744659423828
            ]
        },
        "proc": {
            "block1": [
                2.821887254714966,
                1.3624823093414307,
                1.362354040145874,
                1.362365961074829,
                1.3647551536560059,
                1.3625366687774658,
                1.3626692295074463,
                1.3634579181671143,
                1.3635668754577637,
                1.3634836673736572,
                1.3634912967681885,
                1.3633511066436768,
                1.3635060787200928,
                1.3635170459747314,
                1.3635227680206299,
                1.3633410930633545,
                1.363450527191162,
                1.363330602645874,
                1.363398790359497,
                1.363152027130127,
                1.3633651733398438,
                1.3639936447143555,
                1.3637895584106445,
                1.3632500171661377,
                1.363110065460205
            ]
        },
        "throughput": {
            "block1": 2.8131836055464663
        },
        "au": {
            "block1": 99.76950890368587
        },
        "compute": {
            "block1": [
                1.3604,
                1.3604,
                1.3604,
                1.3604,
                1.3604,
                1.3604,
                1.3604,
                1.3604,
                1.3604,
                1.3604,
                1.3604,
                1.3604,
                1.3604,
                1.3604,
                1.3604,
                1.3604,
                1.3604,
                1.3604,
                1.3604,
                1.3604,
                1.3604,
                1.3604,
                1.3604,
                1.3604,
                1.3604
            ]
        }
    },
    "2": {
        "load": {
            "block1": [
                1.2230427265167236,
                0.0006401538848876953,
                0.003434419631958008,
                0.0007035732269287109,
                0.0020864009857177734,
                0.0007889270782470703,
                0.002935647964477539,
                0.0007116794586181641,
                0.0015866756439208984,
                0.0028777122497558594,
                0.0014531612396240234,
                0.0016064643859863281,
                0.0013570785522460938,
                0.001558542251586914,
                0.0014224052429199219,
                0.0015897750854492188,
                0.0015673637390136719,
                0.0018415451049804688,
                0.0015921592712402344,
                0.001644134521484375,
                0.0016565322875976562,
                0.0014882087707519531,
                0.0015151500701904297,
                0.0013430118560791016,
                0.0012581348419189453
            ]
        },
        "proc": {
            "block1": [
                2.5849547386169434,
                1.3624911308288574,
                1.3652873039245605,
                1.3625621795654297,
                1.363926887512207,
                1.3626172542572021,
                1.3647828102111816,
                1.3625271320343018,
                1.363447904586792,
                1.3647160530090332,
                1.3632707595825195,
                1.3634517192840576,
                1.3631699085235596,
                1.3634028434753418,
                1.3632416725158691,
                1.3634049892425537,
                1.3633909225463867,
                1.363675832748413,
                1.3634004592895508,
                1.3634669780731201,
                1.3634731769561768,
                1.3633050918579102,
                1.3633606433868408,
                1.3631782531738281,
                1.3630859851837158
            ]
        },
        "throughput": {
            "block1": 2.8318078552518235
        },
        "au": {
            "block1": 99.75991439006484
        },
        "compute": {
            "block1": [
                1.3604,
                1.3604,
                1.3604,
                1.3604,
                1.3604,
                1.3604,
                1.3604,
                1.3604,
                1.3604,
                1.3604,
                1.3604,
                1.3604,
                1.3604,
                1.3604,
                1.3604,
                1.3604,
                1.3604,
                1.3604,
                1.3604,
                1.3604,
                1.3604,
                1.3604,
                1.3604,
                1.3604,
                1.3604
            ]
        }
    },
    "3": {
        "load": {
            "block1": [
                1.0979204177856445,
                0.0016560554504394531,
                0.0005178451538085938,
                0.0005235671997070312,
                0.0020248889923095703,
                0.0023851394653320312,
                0.0006422996520996094,
                0.0006773471832275391,
                0.002423524856567383,
                0.0005950927734375,
                0.0018351078033447266,
                0.0016694068908691406,
                0.001584768295288086,
                0.0017168521881103516,
                0.0015501976013183594,
                0.0016274452209472656,
                0.001558542251586914,
                0.001529693603515625,
                0.0014662742614746094,
                0.0015680789947509766,
                0.0015826225280761719,
                0.0015621185302734375,
                0.001581430435180664,
                0.001435995101928711,
                0.0011587142944335938
            ]
        },
        "proc": {
            "block1": [
                2.459803819656372,
                1.363481044769287,
                1.3623619079589844,
                1.3623278141021729,
                1.3638434410095215,
                1.3642048835754395,
                1.3624658584594727,
                1.362492322921753,
                1.364253282546997,
                1.3624053001403809,
                1.3636484146118164,
                1.3634881973266602,
                1.3633978366851807,
                1.3635470867156982,
                1.363375186920166,
                1.3629069328308105,
                1.3633835315704346,
                1.363349437713623,
                1.363288402557373,
                1.3633880615234375,
                1.3634064197540283,
                1.3633816242218018,
                1.3634223937988281,
                1.3632731437683105,
                1.3629858493804932
            ]
        },
        "throughput": {
            "block1": 2.8422898277659256
        },
        "au": {
            "block1": 99.77539836772316
        },