{
    "1": {
        "load": {
            "block1": [
                1.4705567359924316,
                0.0006129741668701172,
                0.0005581378936767578,
                0.0005171298980712891,
                0.0032079219818115234,
                0.0030601024627685547,
                0.0006716251373291016,
                0.0030052661895751953,
                0.0015964508056640625,
                0.0014934539794921875,
                0.0014445781707763672,
                0.0016524791717529297,
                0.001596689224243164,
                0.001575469970703125,
                0.0016055107116699219,
                0.001825094223022461,
                0.0016145706176757812,
                0.0015075206756591797,
                0.0015189647674560547,
                0.0016314983367919922,
                0.0015788078308105469,
                0.0013935565948486328,
                0.0015246868133544922,
                0.0011348724365234375,
                0.00116729736328125
            ]
        },
        "proc": {
            "block1": [
                2.8324623107910156,
                1.3611767292022705,
                1.3623631000518799,
                1.3613581657409668,
                1.3650329113006592,
                1.364896535873413,
                1.3624985218048096,
                1.364830493927002,
                1.3634169101715088,
                1.3633110523223877,
                1.3632707595825195,
                1.3634698390960693,
                1.363412618637085,
                1.3633921146392822,
                1.3634285926818848,
                1.3636448383331299,
                1.3634390830993652,
                1.3633358478546143,
                1.3633363246917725,
                1.3634498119354248,
                1.3634040355682373,
                1.36324143409729,
                1.363389492034912,
                1.3629376888275146,
                1.3630127906799316
            ]
        },
        "throughput": {
            "block1": 2.812380133416107
        },
        "au": {
            "block1": 99.77078821469136
        },
        "compute": {
            "block1": [
                1.3604,
                1.3604,
                1.3604,
                1.3604,
                1.3604,
                1.3604,
                1.3604,
                1.3604,
                1.3604,
                1.3604,
                1.3604,
                1.3604,
                1.3604,
                1.3604,
                1.3604,
                1.3604,
                1.3604,
                1.3604,
                1.3604,
                1.3604,
                1.3604,
                1.3604,
                1.3604,
                1.3604,
                1.3604
            ]
        }
    },
    "2": {
        "load": {
            "block1": [
                1.2457380294799805,
                0.0005815029144287109,
                0.002389192581176758,
                0.0005166530609130859,
                0.003306150436401367,
                0.00072479248046875,
                0.0016322135925292969,
                0.0007135868072509766,
                0.0016622543334960938,
                0.002728700637817383,
                0.0015850067138671875,
                0.0016303062438964844,
                0.0016777515411376953,
                0.0015413761138916016,
                0.0016350746154785156,
                0.0016129016876220703,
                0.001993417739868164,
                0.0017693042755126953,
                0.0017387866973876953,
                0.0016052722930908203,
                0.0014295578002929688,
                0.0016338825225830078,
                0.0014414787292480469,
                0.001245737075805664,
                0.0012822151184082031
            ]
        },
        "proc": {
            "block1": [
                2.607680559158325,
                1.3624482154846191,
                1.3642444610595703,
                1.3623526096343994,
                1.3651378154754639,
                1.3625571727752686,
                1.3634536266326904,
                1.3625452518463135,
                1.363511085510254,
                1.3645474910736084,
                1.3634073734283447,
                1.363457441329956,
                1.363494873046875,
                1.3633604049682617,
                1.3634552955627441,
                1.3634331226348877,
                1.3638255596160889,
                1.363588571548462,
                1.3635656833648682,
                1.3634181022644043,
                1.3632385730743408,
                1.3634834289550781,
                1.363243818283081,
                1.36307692527771,
                1.363112211227417
            ]
        },
        "throughput": {
            "block1": 2.830026349184745
        },
        "au": {
            "block1": 99.76142674256981
        },
        "compute": {
            "block1": [
                1.3604,
                1.3604,
                1.3604,
                1.3604,
                1.3604,
                1.3604,
                1.3604,
                1.3604,
                1.3604,
                1.3604,
                1.3604,
                1.3604,
                1.3604,
                1.3604,
                1.3604,
                1.3604,
                1.3604,
                1.3604,
                1.3604,
                1.3604,
                1.3604,
                1.3604,
                1.3604,
                1.3604,
                1.3604
            ]
        }
    },
    "3": {
        "load": {
            "block1": [
                1.093062162399292,
                0.0023348331451416016,
                0.0005321502685546875,
                0.0005552768707275391,
                0.002896547317504883,
                0.0017273426055908203,
                0.0005784034729003906,
                0.0007195472717285156,
                0.0016596317291259766,
                0.0016388893127441406,
                0.0013861656188964844,
                0.0015892982482910156,
                0.0016140937805175781,
                0.0016584396362304688,
                0.0016274452209472656,
                0.0015518665313720703,
                0.0016682147979736328,
                0.0016734600067138672,
                0.0014274120330810547,
                0.0013818740844726562,
                0.0016961097717285156,
                0.0015552043914794922,
                0.0013244152069091797,
                0.0012743473052978516,
                0.0010912418365478516
            ]
        },
        "proc": {
            "block1": [
                2.454998731613159,
                1.3641629219055176,
                1.3623881340026855,
                1.3624296188354492,
                1.364741325378418,
                1.3628168106079102,
                1.3624083995819092,
                1.362541913986206,
                1.3634843826293945,
                1.3634917736053467,
                1.3632023334503174,
                1.363417625427246,
                1.363443374633789,
                1.3634889125823975,
                1.363457202911377,
                1.3633785247802734,
                1.3635063171386719,
                1.3634934425354004,
                1.3632416725158691,
                1.3621675968170166,
                1.3635213375091553,
                1.3634026050567627,
                1.3631739616394043,
                1.363112211227417,
                1.3629570007324219
            ]
        },
        "throughput": {
            "block1": 2.84266608167384
        },
        "au": {
            "block1": 99.77494620205135
        },