{
    "1": {
        "load": {
            "block1": [
                1.4348444938659668,
                0.0006220340728759766,
                0.000614166259765625,
                0.00067901611328125,
                0.0030820369720458984,
                0.0006563663482666016,
                0.0006906986236572266,
                0.0016396045684814453,
                0.0016241073608398438,
                0.0016450881958007812,
                0.0015513896942138672,
                0.0016052722930908203,
                0.0015759468078613281,
                0.0015330314636230469,
                0.0014777183532714844,
                0.0015375614166259766,
                0.001482248306274414,
                0.0014362335205078125,
                0.0013508796691894531,
                0.0011467933654785156,
                0.0012288093566894531,
                0.0016617774963378906,
                0.0016765594482421875,
                0.0019385814666748047,
                0.0015115737915039062
            ]
        },
        "proc": {
            "block1": [
                2.7967569828033447,
                1.3624441623687744,
                1.3624358177185059,
                1.362504243850708,
                1.36491060256958,
                1.3624744415283203,
                1.3625130653381348,
                1.3634629249572754,
                1.3635053634643555,
                1.3634653091430664,
                1.363372802734375,
                1.3634471893310547,
                1.3633975982666016,
                1.363389492034912,
                1.3633577823638916,
                1.3633882999420166,
                1.363358497619629,
                1.3632712364196777,
                1.363175868988037,
                1.3629777431488037,
                1.3623242378234863,
                1.3634765148162842,
                1.3635199069976807,
                1.363785982131958,
                1.3633356094360352
            ]
        },
        "throughput": {
            "block1": 2.8153721225277133
        },
        "au": {
            "block1": 99.77713728096866
        },
        "compute": {
            "block1": [
                1.3604,
                1.3604,
                1.3604,
                1.3604,
                1.3604,
                1.3604,
                1.3604,
                1.3604,
                1.3604,
                1.3604,
                1.3604,
                1.3604,
                1.3604,
                1.3604,
                1.3604,
                1.3604,
                1.3604,
                1.3604,
                1.3604,
                1.3604,
                1.3604,
                1.3604,
                1.3604,
                1.3604,
                1.3604
            ]
        }
    },
    "2": {
        "load": {
            "block1": [
                1.2782402038574219,
                0.0005993843078613281,
                0.0017971992492675781,
                0.0006387233734130859,
                0.002910614013671875,
                0.0006322860717773438,
                0.0015726089477539062,
                0.0005817413330078125,
                0.0014140605926513672,
                0.0028963088989257812,
                0.001672506332397461,
                0.0016391277313232422,
                0.0014536380767822266,
                0.0014455318450927734,
                0.0014259815216064453,
                0.0014643669128417969,
                0.001245737075805664,
                0.0017442703247070312,
                0.001219034194946289,
                0.0012590885162353516,
                0.001157522201538086,
                0.0017616748809814453,
                0.0017213821411132812,
                0.0014710426330566406,
                0.0012576580047607422
            ]
        },
        "proc": {
            "block1": [
                2.640136241912842,
                1.3624229431152344,
                1.363638162612915,
                1.3625082969665527,
                1.3647291660308838,
                1.3615527153015137,
                1.3633906841278076,
                1.3624284267425537,
                1.363224983215332,
                1.364715576171875,
                1.3634967803955078,
                1.3634967803955078,
                1.3633062839508057,
                1.3632915019989014,
                1.3632702827453613,
                1.363300085067749,
                1.363081693649292,
                1.3635857105255127,
                1.3630435466766357,
                1.363088607788086,
                1.3629791736602783,
                1.3635928630828857,
                1.3636047840118408,
                1.3633077144622803,
                1.363067626953125
            ]
        },
        "throughput": {
            "block1": 2.827803636229875
        },
        "au": {
            "block1": 99.77569860217764
        },
        "compute": {
            "block1": [
                1.3604,
                1.3604,
                1.3604,
                1.3604,
                1.3604,
                1.3604,
                1.3604,
                1.3604,
                1.3604,
                1.3604,
                1.3604,
                1.3604,
                1.3604,
                1.3604,
                1.3604,
                1.3604,
                1.3604,
                1.3604,
                1.3604,
                1.3604,
                1.3604,
                1.3604,
                1.3604,
                1.3604,
                1.3604
            ]
        }
    },
    "3": {
        "load": {
            "block1": [
                1.1131668090820312,
                0.001965761184692383,
                0.0008065700531005859,
                0.0008058547973632812,
                0.004139900207519531,
                0.0014789104461669922,
                0.00055694580078125,
                0.0006000995635986328,
                0.0017507076263427734,
                0.0014719963073730469,
                0.0014345645904541016,
                0.0015554428100585938,
                0.0016465187072753906,
                0.0014564990997314453,
                0.0014104843139648438,
                0.001186370849609375,
                0.0015270709991455078,
                0.001451730728149414,
                0.0012946128845214844,
                0.0011162757873535156,
                0.0017824172973632812,
                0.001972198486328125,
                0.001722574234008789,
                0.0014286041259765625,
                0.001600503921508789
            ]
        },
        "proc": {
            "block1": [
                2.475119113922119,
                1.363816738128662,
                1.3626515865325928,
                1.3627080917358398,
                1.3659586906433105,
                1.363328456878662,
                1.3623793125152588,
                1.362410068511963,
                1.363560676574707,
                1.3632996082305908,
                1.3632583618164062,
                1.363377571105957,
                1.3634495735168457,
                1.363312005996704,
                1.36322021484375,
                1.363020420074463,
                1.363358736038208,
                1.3632938861846924,
                1.3631293773651123,
                1.3629450798034668,
                1.3636317253112793,
                1.3637995719909668,
                1.3635315895080566,
                1.3632378578186035,
                1.3634116649627686
            ]
        },
        "throughput": {
            "block1": 2.8408891137955004
        },
        "au": {
            "block1": 99.7692036184083
        },