{
    "1": {
        "load": {
            "block1": [
                1.469851016998291,
                0.0005772113800048828,
                0.0006189346313476562,
                0.0007374286651611328,
                0.003119945526123047,
                0.0007061958312988281,
                0.0007653236389160156,
                0.0016031265258789062,
                0.001554727554321289,
                0.0015020370483398438,
                0.0016412734985351562,
                0.0015039443969726562,
                0.0016629695892333984,
                0.0015711784362792969,
                0.0015697479248046875,
                0.0015208721160888672,
                0.0013477802276611328,
                0.0013530254364013672,
                0.0012214183807373047,
                0.0011448860168457031,
                0.0013134479522705078,
                0.0016248226165771484,
                0.0016071796417236328,
                0.0015425682067871094,
                0.0017926692962646484
            ]
        },
        "proc": {
            "block1": [
                2.8317618370056152,
                1.3624088764190674,
                1.3624649047851562,
                1.362562894821167,
                1.3649682998657227,
                1.362529993057251,
                1.3625881671905518,
                1.3634343147277832,
                1.3634185791015625,
                1.363326072692871,
                1.3634767532348633,
                1.363332986831665,
                1.3635282516479492,
                1.3633837699890137,
                1.3634378910064697,
                1.3633787631988525,
                1.3631718158721924,
                1.3631904125213623,
                1.363063097000122,
                1.3629870414733887,
                1.3631412982940674,
                1.3634507656097412,
                1.3635292053222656,
                1.363391637802124,
                1.3636741638183594
            ]
        },
        "throughput": {
            "block1": 2.8125480710363013
        },
        "au": {
            "block1": 99.77512575931145
        },
        "compute": {
            "block1": [
                1.3604,
                1.3604,
                1.3604,
                1.3604,
                1.3604,
                1.3604,
                1.3604,
                1.3604,
                1.3604,
                1.3604,
                1.3604,
                1.3604,
                1.3604,
                1.3604,
                1.3604,
                1.3604,
                1.3604,
                1.3604,
                1.3604,
                1.3604,
                1.3604,
                1.3604,
                1.3604,
                1.3604,
                1.3604
            ]
        }
    },
    "2": {
        "load": {
            "block1": [
                1.235107183456421,
                0.0006079673767089844,
                0.0027227401733398438,
                0.0005486011505126953,
                0.0024971961975097656,
                0.0006392002105712891,
                0.0016579627990722656,
                0.0016739368438720703,
                0.0016589164733886719,
                0.002818584442138672,
                0.0016722679138183594,
                0.0019736289978027344,
                0.0017008781433105469,
                0.0016088485717773438,
                0.001619100570678711,
                0.001804351806640625,
                0.0018727779388427734,
                0.0016238689422607422,
                0.001163482666015625,
                0.0011241436004638672,
                0.0013599395751953125,
                0.002061605453491211,
                0.0019016265869140625,
                0.0017659664154052734,
                0.001703023910522461
            ]
        },
        "proc": {
            "block1": [
                2.5957913398742676,
                1.362464189529419,
                1.3645777702331543,
                1.3623709678649902,
                1.3643245697021484,
                1.3624696731567383,
                1.3635082244873047,
                1.3634905815124512,
                1.3635220527648926,
                1.3646509647369385,
                1.363518476486206,
                1.3637969493865967,
                1.3635525703430176,
                1.3634209632873535,
                1.3634653091430664,
                1.3636376857757568,
                1.3637213706970215,
                1.3634657859802246,
                1.3629558086395264,
                1.3629517555236816,
                1.3631961345672607,
                1.3639166355133057,
                1.3637912273406982,
                1.3635737895965576,
                1.3635632991790771
            ]
        },
        "throughput": {
            "block1": 2.830844541704571
        },
        "au": {
            "block1": 99.75631719569826
        },
        "compute": {
            "block1": [
                1.3604,
                1.3604,
                1.3604,
                1.3604,
                1.3604,
                1.3604,
                1.3604,
                1.3604,
                1.3604,
                1.3604,
                1.3604,
                1.3604,
                1.3604,
                1.3604,
                1.3604,
                1.3604,
                1.3604,
                1.3604,
                1.3604,
                1.3604,
                1.3604,
                1.3604,
                1.3604,
                1.3604,
                1.3604
            ]
        }
    },
    "3": {
        "load": {
            "block1": [
                1.1747288703918457,
                0.0016911029815673828,
                0.0006172657012939453,
                0.0005424022674560547,
                0.0037848949432373047,
                0.00047707557678222656,
                0.00066375732421875,
                0.0005307197570800781,
                0.0026090145111083984,
                0.0003731250762939453,
                0.0017580986022949219,
                0.0016162395477294922,
                0.0015461444854736328,
                0.0018486976623535156,
                0.0018885135650634766,
                0.0017652511596679688,
                0.002001523971557617,
                0.0018901824951171875,
                0.0018355846405029297,
                0.001508474349975586,
                0.0012297630310058594,
                0.0015759468078613281,
                0.0015192031860351562,
                0.0014414787292480469,
                0.0017719268798828125
            ]
        },
        "proc": {
            "block1": [
                2.536616086959839,
                1.3629450798034668,
                1.3624672889709473,
                1.362379550933838,
                1.3655915260314941,
                1.3609538078308105,
                1.3625273704528809,
                1.362361192703247,
                1.3644609451293945,
                1.361999273300171,
                1.3636181354522705,
                1.3634412288665771,
                1.3633983135223389,
                1.363671064376831,
                1.3637077808380127,
                1.363602638244629,
                1.3638439178466797,
                1.3637604713439941,
                1.3636975288391113,
                1.363351821899414,
                1.363053560256958,
                1.3633928298950195,
                1.3633663654327393,
                1.3632664680480957,
                1.3636045455932617
            ]
        },
        "throughput": {
            "block1": 2.836041486778608
        },
        "au": {
            "block1": 99.773256796157
        },