{
    "1": {
        "load": {
            "block1": [
                1.4136579036712646,
                0.0006639957427978516,
                0.00049591064453125,
                0.0006113052368164062,
                0.003269195556640625,
                0.0006296634674072266,
                0.0005211830139160156,
                0.0016243457794189453,
                0.0016057491302490234,
                0.0016510486602783203,
                0.001657724380493164,
                0.0015859603881835938,
                0.0016260147094726562,
                0.0015323162078857422,
                0.001661062240600586,
                0.0015993118286132812,
                0.0015950202941894531,
                0.0015537738800048828,
                0.0016102790832519531,
                0.0015554428100585938,
                0.0016317367553710938,
                0.0014390945434570312,
                0.0013310909271240234,
                0.0013589859008789062,
                0.0010755062103271484
            ]
        },
        "proc": {
            "block1": [
                2.7755653858184814,
                1.3624889850616455,
                1.3623137474060059,
                1.3624491691589355,
                1.3651020526885986,
                1.362462043762207,
                1.3623347282409668,
                1.3634402751922607,
                1.3634297847747803,
                1.3634748458862305,
                1.363487720489502,
                1.3634071350097656,
                1.363447904586792,
                1.363358974456787,
                1.3634872436523438,
                1.3634278774261475,
                1.3634247779846191,
                1.3633778095245361,
                1.3634378910064697,
                1.363389253616333,
                1.3634591102600098,
                1.3633067607879639,
                1.3631799221038818,
                1.3631908893585205,
                1.3629488945007324
            ]
        },
        "throughput": {
            "block1": 2.816972600022799
        },
        "au": {
            "block1": 99.77405424094972
        },
        "compute": {
            "block1": [
                1.3604,
                1.3604,
                1.3604,
                1.3604,
                1.3604,
                1.3604,
                1.3604,
                1.3604,
                1.3604,
                1.3604,
                1.3604,
                1.3604,
                1.3604,
                1.3604,
                1.3604,
                1.3604,
                1.3604,
                1.3604,
                1.3604,
                1.3604,
                1.3604,
                1.3604,
                1.3604,
                1.3604,
                1.3604
            ]
        }
    },
    "2": {
        "load": {
            "block1": [
                1.2796318531036377,
                0.0006196498870849609,
                0.0015573501586914062,
                0.0005834102630615234,
                0.0032896995544433594,
                0.0007276535034179688,
                0.005420684814453125,
                0.0005991458892822266,
                0.0016074180603027344,
                0.0028514862060546875,
                0.001520395278930664,
                0.0018646717071533203,
                0.0016138553619384766,
                0.0015065670013427734,
                0.0017495155334472656,
                0.0016350746154785156,
                0.001657247543334961,
                0.0016937255859375,
                0.0015993118286132812,
                0.0014340877532958984,
                0.0014717578887939453,
                0.0015635490417480469,
                0.0013537406921386719,
                0.0013418197631835938,
                0.0011510848999023438
            ]
        },
        "proc": {
            "block1": [
                2.641524314880371,
                1.3624930381774902,
                1.3634154796600342,
                1.3624188899993896,
                1.3651208877563477,
                1.3625578880310059,
                1.3672394752502441,
                1.3624346256256104,
                1.36342191696167,
                1.3646655082702637,
                1.3624999523162842,
                1.363684892654419,
                1.3634393215179443,
                1.363312005996704,
                1.3635785579681396,
                1.3634605407714844,
                1.3634893894195557,
                1.3635363578796387,
                1.3634240627288818,
                1.363288164138794,
                1.3632795810699463,
                1.3634085655212402,
                1.3632047176361084,
                1.3631765842437744,
                1.3629827499389648
            ]
        },
        "throughput": {
            "block1": 2.8272482652037905
        },
        "au": {
            "block1": 99.75875308562796
        },
        "compute": {
            "block1": [
                1.3604,
                1.3604,
                1.3604,
                1.3604,
                1.3604,
                1.3604,
                1.3604,
                1.3604,
                1.3604,
                1.3604,
                1.3604,
                1.3604,
                1.3604,
                1.3604,
                1.3604,
                1.3604,
                1.3604,
                1.3604,
                1.3604,
                1.3604,
                1.3604,
                1.3604,
                1.3604,
                1.3604,
                1.3604
            ]
        }
    },
    "3": {
        "load": {
            "block1": [
                1.0872597694396973,
                0.0016825199127197266,
                0.0005192756652832031,
                0.0003921985626220703,
                0.0032510757446289062,
                0.0016045570373535156,
                0.0007145404815673828,
                0.0006098747253417969,
                0.0026733875274658203,
                0.0008714199066162109,
                0.0016541481018066406,
                0.001562356948852539,
                0.0016908645629882812,
                0.0015840530395507812,
                0.0016362667083740234,
                0.0015108585357666016,
                0.001481771469116211,
                0.0021140575408935547,
                0.0018963813781738281,
                0.0018012523651123047,
                0.0018687248229980469,
                0.0014955997467041016,
                0.0013697147369384766,
                0.0011637210845947266,
                0.0012316703796386719
            ]
        },
        "proc": {
            "block1": [
                2.4491794109344482,
                1.3635265827178955,
                1.3623182773590088,
                1.3619582653045654,
                1.3638031482696533,
                1.3634319305419922,
                1.362563133239746,
                1.361396312713623,
                1.3645498752593994,
                1.3627052307128906,
                1.3635177612304688,
                1.3633852005004883,
                1.363504409790039,
                1.3634059429168701,
                1.3634886741638184,
                1.363326072692871,
                1.3632957935333252,
                1.3639416694641113,
                1.3637237548828125,
                1.3636395931243896,
                1.3637111186981201,
                1.3633158206939697,
                1.3632094860076904,
                1.3629693984985352,
                1.363072395324707
            ]
        },
        "throughput": {
            "block1": 2.843131489808495
        },
        "au": {
            "block1": 99.77476082984948
        },