{
    "1": {
        "load": {
            "block1": [
                1.4596927165985107,
                0.0006861686706542969,
                0.0005936622619628906,
                0.0006785392761230469,
                0.003223896026611328,
                0.0006303787231445312,
                0.0005750656127929688,
                0.0016357898712158203,
                0.0015816688537597656,
                0.0016880035400390625,
                0.00177764892578125,
                0.001491546630859375,
                0.0014278888702392578,
                0.001983165740966797,
                0.001615285873413086,
                0.0014231204986572266,
                0.0017921924591064453,
                0.0016808509826660156,
                0.0011107921600341797,
                0.0010995864868164062,
                0.0017349720001220703,
                0.0017459392547607422,
                0.0022454261779785156,
                0.0014994144439697266,
                0.0013036727905273438
            ]
        },
        "proc": {
            "block1": [
                2.8215866088867188,
                1.3625085353851318,
                1.3624069690704346,
                1.3625609874725342,
                1.3650517463684082,
                1.3624475002288818,
                1.3623857498168945,
                1.3634567260742188,
                1.3634238243103027,
                1.3635101318359375,
                1.3635942935943604,
                1.3633029460906982,
                1.3632776737213135,
                1.3638365268707275,
                1.3634636402130127,
                1.3632962703704834,
                1.3636767864227295,
                1.3634874820709229,
                1.3629040718078613,
                1.3629469871520996,
                1.3635656833648682,
                1.3635740280151367,
                1.3640995025634766,
                1.3633434772491455,
                1.3631329536437988
            ]
        },
        "throughput": {
            "block1": 2.813256911389199
        },
        "au": {
            "block1": 99.77141625210037
        },
        "compute": {
            "block1": [
                1.3604,
                1.3604,
                1.3604,
                1.3604,
                1.3604,
                1.3604,
                1.3604,
                1.3604,
                1.3604,
                1.3604,
                1.3604,
                1.3604,
                1.3604,
                1.3604,
                1.3604,
                1.3604,
                1.3604,
                1.3604,
                1.3604,
                1.3604,
                1.3604,
                1.3604,
                1.3604,
                1.3604,
                1.3604
            ]
        }
    },
    "2": {
        "load": {
            "block1": [
                1.384185552597046,
                0.0005586147308349609,
                0.0025255680084228516,
                0.0006837844848632812,
                0.0026330947875976562,
                0.0006401538848876953,
                0.002074003219604492,
                0.0019979476928710938,
                0.0015113353729248047,
                0.002820730209350586,
                0.0014362335205078125,
                0.001524209976196289,
                0.0013921260833740234,
                0.001458883285522461,
                0.001558542251586914,
                0.0016522407531738281,
                0.0015413761138916016,
                0.0015037059783935547,
                0.0013630390167236328,
                0.0011525154113769531,
                0.0016901493072509766,
                0.0017306804656982422,
                0.0013911724090576172,
                0.0014653205871582031,
                0.0014026165008544922
            ]
        },
        "proc": {
            "block1": [
                2.746127128601074,
                1.3624110221862793,
                1.3643567562103271,
                1.3625106811523438,
                1.364471435546875,
                1.36246919631958,
                1.3639578819274902,
                1.3638205528259277,
                1.3633356094360352,
                1.3646762371063232,
                1.363267183303833,
                1.3633666038513184,
                1.3632524013519287,
                1.3633348941802979,
                1.3634147644042969,
                1.3635172843933105,
                1.363391399383545,
                1.3633489608764648,
                1.3631961345672607,
                1.3629686832427979,
                1.3635225296020508,
                1.3635985851287842,
                1.3632404804229736,
                1.3633427619934082,
                1.3632290363311768
            ]
        },
        "throughput": {
            "block1": 2.8190348568895063
        },
        "au": {
            "block1": 99.76347841179091
        },
        "compute": {
            "block1": [
                1.3604,
                1.3604,
                1.3604,
                1.3604,
                1.3604,
                1.3604,
                1.3604,
                1.3604,
                1.3604,
                1.3604,
                1.3604,
                1.3604,
                1.3604,
                1.3604,
                1.3604,
                1.3604,
                1.3604,
                1.3604,
                1.3604,
                1.3604,
                1.3604,
                1.3604,
                1.3604,
                1.3604,
                1.3604
            ]
        }
    },
    "3": {
        "load": {
            "block1": [
                1.1137959957122803,
                0.001750946044921875,
                0.0005438327789306641,
                0.0006949901580810547,
                0.0032453536987304688,
                0.0016846656799316406,
                0.0005326271057128906,
                0.0006742477416992188,
                0.0024454593658447266,
                0.0007412433624267578,
                0.0014929771423339844,
                0.0015554428100585938,
                0.0014696121215820312,
                0.0016713142395019531,
                0.0015778541564941406,
                0.0015110969543457031,
                0.0015311241149902344,
                0.001588582992553711,
                0.0012438297271728516,
                0.0012209415435791016,
                0.001552581787109375,
                0.0015604496002197266,
                0.0013759136199951172,
                0.0015993118286132812,
                0.0015769004821777344
            ]
        },
        "proc": {
            "block1": [
                2.4756855964660645,
                1.3636274337768555,
                1.362379789352417,
                1.3625361919403076,
                1.3650758266448975,
                1.3635034561157227,
                1.3623719215393066,
                1.362504005432129,
                1.3642773628234863,
                1.3626139163970947,
                1.3633167743682861,
                1.363379716873169,
                1.3633551597595215,
                1.363530158996582,
                1.3634467124938965,
                1.3633408546447754,
                1.3633744716644287,
                1.3634514808654785,
                1.3630475997924805,
                1.3630406856536865,
                1.363374948501587,
                1.3634207248687744,
                1.3631923198699951,
                1.3631913661956787,
                1.363436222076416
            ]
        },
        "throughput": {
            "block1": 2.840963582021754
        },
        "au": {
            "block1": 99.7737438393192
        },