{
    "1": {
        "load": {
            "block1": [
                1.4460856914520264,
                0.0006387233734130859,
                0.0005950927734375,
                0.0005843639373779297,
                0.003102540969848633,
                0.0005636215209960938,
                0.0006463527679443359,
                0.001493692398071289,
                0.0015523433685302734,
                0.0014774799346923828,
                0.0014414787292480469,
                0.001432657241821289,
                0.0015795230865478516,
                0.0014426708221435547,
                0.0014696121215820312,
                0.0013773441314697266,
                0.0014224052429199219,
                0.001283407211303711,
                0.0012500286102294922,
                0.0011496543884277344,
                0.0012249946594238281,
                0.0016739368438720703,
                0.001680135726928711,
                0.0015037059783935547,
                0.0014584064483642578
            ]
        },
        "proc": {
            "block1": [
                2.8080081939697266,
                1.3624632358551025,
                1.362403392791748,
                1.362396240234375,
                1.36494779586792,
                1.3623721599578857,
                1.3625004291534424,
                1.3633077144622803,
                1.363398790359497,
                1.3633241653442383,
                1.3632869720458984,
                1.3632495403289795,
                1.3633959293365479,
                1.3633003234863281,
                1.363311529159546,
                1.3631796836853027,
                1.3632638454437256,
                1.3631181716918945,
                1.3630847930908203,
                1.3629779815673828,
                1.3630576133728027,
                1.3634998798370361,
                1.3635344505310059,
                1.363349437713623,
                1.3633153438568115
            ]
        },
        "throughput": {
            "block1": 2.8145789210954826
        },
        "au": {
            "block1": 99.78092209849919
        },
        "compute": {
            "block1": [
                1.3604,
                1.3604,
                1.3604,
                1.3604,
                1.3604,
                1.3604,
                1.3604,
                1.3604,
                1.3604,
                1.3604,
                1.3604,
                1.3604,
                1.3604,
                1.3604,
                1.3604,
                1.3604,
                1.3604,
                1.3604,
                1.3604,
                1.3604,
                1.3604,
                1.3604,
                1.3604,
                1.3604,
                1.3604
            ]
        }
    },
    "2": {
        "load": {
            "block1": [
                1.2874946594238281,
                0.000530242919921875,
                0.0021991729736328125,
                0.0006866455078125,
                0.0029184818267822266,
                0.0007054805755615234,
                0.0016803741455078125,
                0.0006744861602783203,
                0.0017185211181640625,
                0.0027685165405273438,
                0.0018162727355957031,
                0.0015168190002441406,
                0.0017595291137695312,
                0.0019249916076660156,
                0.0018155574798583984,
                0.0018072128295898438,
                0.0020008087158203125,
                0.002141714096069336,
                0.0017108917236328125,
                0.0012423992156982422,
                0.001066446304321289,
                0.0016429424285888672,
                0.0015232563018798828,
                0.0014922618865966797,
                0.001512289047241211
            ]
        },
        "proc": {
            "block1": [
                2.6494321823120117,
                1.362384557723999,
                1.3640546798706055,
                1.3625519275665283,
                1.3647348880767822,
                1.3625288009643555,
                1.3635225296020508,
                1.3625059127807617,
                1.363569974899292,
                1.3645827770233154,
                1.3636748790740967,
                1.363356590270996,
                1.3636424541473389,
                1.3637917041778564,
                1.3636832237243652,
                1.363685131072998,
                1.3638575077056885,
                1.363978624343872,
                1.3635685443878174,
                1.3630967140197754,
                1.362894058227539,
                1.363450050354004,
                1.3633337020874023,
                1.3633036613464355,
                1.3633241653442383
            ]
        },
        "throughput": {
            "block1": 2.826576511386568
        },
        "au": {
            "block1": 99.75723500063977
        },
        "compute": {
            "block1": [
                1.3604,
                1.3604,
                1.3604,
                1.3604,
                1.3604,
                1.3604,
                1.3604,
                1.3604,
                1.3604,
                1.3604,
                1.3604,
                1.3604,
                1.3604,
                1.3604,
                1.3604,
                1.3604,
                1.3604,
                1.3604,
                1.3604,
                1.3604,
                1.3604,
                1.3604,
                1.3604,
                1.3604,
                1.3604
            ]
        }
    },
    "3": {
        "load": {
            "block1": [
                1.1272010803222656,
                0.0023703575134277344,
                0.0007619857788085938,
                0.000789642333984375,
                0.0035772323608398438,
                0.0014438629150390625,
                0.0005736351013183594,
                0.0005786418914794922,
                0.0014922618865966797,
                0.0013890266418457031,
                0.0014545917510986328,
                0.0014281272888183594,
                0.001447916030883789,
                0.0014731884002685547,
                0.0014719963073730469,
                0.001394033432006836,
                0.001367330551147461,
                0.0014712810516357422,
                0.0012547969818115234,
                0.0011813640594482422,
                0.0015597343444824219,
                0.0016009807586669922,
                0.0015521049499511719,
                0.001394033432006836,
                0.0015110969543457031
            ]
        },
        "proc": {
            "block1": [
                2.4891350269317627,
                1.3642456531524658,
                1.362607479095459,
                1.362637996673584,
                1.3654370307922363,
                1.3632843494415283,
                1.362438440322876,
                1.3624308109283447,
                1.3633458614349365,
                1.3632292747497559,
                1.3633098602294922,
                1.363271713256836,
                1.3633177280426025,
                1.3633089065551758,
                1.3633098602294922,
                1.3632326126098633,
                1.3632187843322754,
                1.3633196353912354,
                1.3630948066711426,
                1.363041877746582,
                1.3633852005004883,
                1.3634157180786133,
                1.3633666038513184,
                1.3632609844207764,
                1.3633525371551514
            ]
        },
        "throughput": {
            "block1": 2.8398541403880144
        },
        "au": {
            "block1": 99.77282354981789
        },